{
    "base_model": {
        "0": {
            "precision": 0.946078431372549,
            "recall": 0.9698492462311558,
            "f1-score": 0.9578163771712159,
            "support": 597.0
        },
        "1": {
            "precision": 0.9719298245614035,
            "recall": 0.9651567944250871,
            "f1-score": 0.9685314685314685,
            "support": 574.0
        },
        "2": {
            "precision": 0.9870609981515711,
            "recall": 0.978021978021978,
            "f1-score": 0.9825206991720331,
            "support": 546.0
        },
        "3": {
            "precision": 0.9882352941176471,
            "recall": 0.978369384359401,
            "f1-score": 0.9832775919732442,
            "support": 601.0
        },
        "accuracy": 0.9728213977566867,
        "macro avg": {
            "precision": 0.9733261370507927,
            "recall": 0.9728493507594055,
            "f1-score": 0.9730365342119904,
            "support": 2318.0
        },
        "weighted avg": {
            "precision": 0.9730635287243836,
            "recall": 0.9728213977566867,
            "f1-score": 0.9728902392718415,
            "support": 2318.0
        }
    },
    "best_model": {
        "0": {
            "precision": 0.946078431372549,
            "recall": 0.9698492462311558,
            "f1-score": 0.9578163771712159,
            "support": 597.0
        },
        "1": {
            "precision": 0.971830985915493,
            "recall": 0.9616724738675958,
            "f1-score": 0.9667250437828371,
            "support": 574.0
        },
        "2": {
            "precision": 0.988909426987061,
            "recall": 0.9798534798534798,
            "f1-score": 0.984360625574977,
            "support": 546.0
        },
        "3": {
            "precision": 0.9849246231155779,
            "recall": 0.978369384359401,
            "f1-score": 0.9816360601001669,
            "support": 601.0
        },
        "accuracy": 0.9723899913718723,
        "macro avg": {
            "precision": 0.9729358668476702,
            "recall": 0.9724361460779081,
            "f1-score": 0.9726345266572992,
            "support": 2318.0
        },
        "weighted avg": {
            "precision": 0.9726160720760579,
            "recall": 0.9723899913718723,
            "f1-score": 0.9724507014610448,
            "support": 2318.0
        }
    }
}