{
    "base_model": {
        "0": {
            "precision": 0.9342105263157895,
            "recall": 0.9514237855946399,
            "f1-score": 0.9427385892116182,
            "support": 597.0
        },
        "1": {
            "precision": 0.940677966101695,
            "recall": 0.9668989547038328,
            "f1-score": 0.9536082474226805,
            "support": 574.0
        },
        "2": {
            "precision": 0.988950276243094,
            "recall": 0.9835164835164835,
            "f1-score": 0.9862258953168044,
            "support": 546.0
        },
        "3": {
            "precision": 0.9844020797227037,
            "recall": 0.9450915141430949,
            "f1-score": 0.9643463497453311,
            "support": 601.0
        },
        "accuracy": 0.9611734253666955,
        "macro avg": {
            "precision": 0.9620602120958205,
            "recall": 0.9617326844895128,
            "f1-score": 0.9617297704241086,
            "support": 2318.0
        },
        "weighted avg": {
            "precision": 0.9617193000409721,
            "recall": 0.9611734253666955,
            "f1-score": 0.961275913209609,
            "support": 2318.0
        }
    },
    "best_model": {
        "0": {
            "precision": 0.9217970049916805,
            "recall": 0.9279731993299832,
            "f1-score": 0.9248747913188647,
            "support": 597.0
        },
        "1": {
            "precision": 0.9135593220338983,
            "recall": 0.9390243902439024,
            "f1-score": 0.9261168384879725,
            "support": 574.0
        },
        "2": {
            "precision": 0.9659498207885304,
            "recall": 0.9871794871794872,
            "f1-score": 0.9764492753623188,
            "support": 546.0
        },
        "3": {
            "precision": 0.9876977152899824,
            "recall": 0.9351081530782029,
            "f1-score": 0.9606837606837607,
            "support": 601.0
        },
        "accuracy": 0.9465056082830026,
        "macro avg": {
            "precision": 0.9472509657760229,
            "recall": 0.947321307457894,
            "f1-score": 0.9470311664632293,
            "support": 2318.0
        },
        "weighted avg": {
            "precision": 0.947243654817648,
            "recall": 0.9465056082830026,
            "f1-score": 0.9466149957843937,
            "support": 2318.0
        }
    }
}