{
    "base_model": {
        "0": {
            "precision": 0.9505766062602965,
            "recall": 0.966499162479062,
            "f1-score": 0.9584717607973422,
            "support": 597.0
        },
        "1": {
            "precision": 0.9718804920913884,
            "recall": 0.9634146341463414,
            "f1-score": 0.9676290463692039,
            "support": 574.0
        },
        "2": {
            "precision": 0.9852670349907919,
            "recall": 0.9798534798534798,
            "f1-score": 0.9825528007346189,
            "support": 546.0
        },
        "3": {
            "precision": 0.9749582637729549,
            "recall": 0.9717138103161398,
            "f1-score": 0.9733333333333334,
            "support": 601.0
        },
        "accuracy": 0.9702329594477999,
        "macro avg": {
            "precision": 0.9706705992788579,
            "recall": 0.9703702716987558,
            "f1-score": 0.9704967353086247,
            "support": 2318.0
        },
        "weighted avg": {
            "precision": 0.9703448464324298,
            "recall": 0.9702329594477999,
            "f1-score": 0.9702648301753112,
            "support": 2318.0
        }
    },
    "best_model": {
        "0": {
            "precision": 0.956738768718802,
            "recall": 0.9631490787269682,
            "f1-score": 0.9599332220367279,
            "support": 597.0
        },
        "1": {
            "precision": 0.9670138888888888,
            "recall": 0.9703832752613241,
            "f1-score": 0.9686956521739131,
            "support": 574.0
        },
        "2": {
            "precision": 0.9870848708487084,
            "recall": 0.9798534798534798,
            "f1-score": 0.9834558823529411,
            "support": 546.0
        },
        "3": {
            "precision": 0.9716193656093489,
            "recall": 0.9683860232945092,
            "f1-score": 0.97,
            "support": 601.0
        },
        "accuracy": 0.9702329594477999,
        "macro avg": {
            "precision": 0.9706142235164371,
            "recall": 0.9704429642840703,
            "f1-score": 0.9705211891408956,
            "support": 2318.0
        },
        "weighted avg": {
            "precision": 0.9702892991207767,
            "recall": 0.9702329594477999,
            "f1-score": 0.9702538178034764,
            "support": 2318.0
        }
    }
}