{
    "base_model": {
        "0": {
            "precision": 0.9435483870967742,
            "recall": 0.9798994974874372,
            "f1-score": 0.961380443714051,
            "support": 597.0
        },
        "1": {
            "precision": 0.9823008849557522,
            "recall": 0.9668989547038328,
            "f1-score": 0.974539069359087,
            "support": 574.0
        },
        "2": {
            "precision": 0.994413407821229,
            "recall": 0.978021978021978,
            "f1-score": 0.9861495844875346,
            "support": 546.0
        },
        "3": {
            "precision": 0.988255033557047,
            "recall": 0.9800332778702163,
            "f1-score": 0.9841269841269841,
            "support": 601.0
        },
        "accuracy": 0.9762726488352028,
        "macro avg": {
            "precision": 0.9771294283577007,
            "recall": 0.9762134270208661,
            "f1-score": 0.9765490204219142,
            "support": 2318.0
        },
        "weighted avg": {
            "precision": 0.9767170366262089,
            "recall": 0.9762726488352028,
            "f1-score": 0.9763708116047956,
            "support": 2318.0
        }
    },
    "best_model": {
        "0": {
            "precision": 0.9452495974235104,
            "recall": 0.983249581239531,
            "f1-score": 0.9638752052545156,
            "support": 597.0
        },
        "1": {
            "precision": 0.9805996472663139,
            "recall": 0.9686411149825784,
            "f1-score": 0.9745836985100789,
            "support": 574.0
        },
        "2": {
            "precision": 0.9944237918215614,
            "recall": 0.9798534798534798,
            "f1-score": 0.9870848708487084,
            "support": 546.0
        },
        "3": {
            "precision": 0.9966216216216216,
            "recall": 0.9816971713810316,
            "f1-score": 0.989103101424979,
            "support": 601.0
        },
        "accuracy": 0.9784296807592753,
        "macro avg": {
            "precision": 0.9792236645332518,
            "recall": 0.9783603368641552,
            "f1-score": 0.9786617190095706,
            "support": 2318.0
        },
        "weighted avg": {
            "precision": 0.9789056048843259,
            "recall": 0.9784296807592753,
            "f1-score": 0.9785348765839251,
            "support": 2318.0
        }
    }
}