{
    "base_model": {
        "0": {
            "precision": 0.9490131578947368,
            "recall": 0.966499162479062,
            "f1-score": 0.9576763485477179,
            "support": 597.0
        },
        "1": {
            "precision": 0.9623287671232876,
            "recall": 0.9790940766550522,
            "f1-score": 0.9706390328151986,
            "support": 574.0
        },
        "2": {
            "precision": 0.9962616822429906,
            "recall": 0.9761904761904762,
            "f1-score": 0.9861239592969473,
            "support": 546.0
        },
        "3": {
            "precision": 0.988155668358714,
            "recall": 0.9717138103161398,
            "f1-score": 0.9798657718120806,
            "support": 601.0
        },
        "accuracy": 0.9732528041415013,
        "macro avg": {
            "precision": 0.9739398189049323,
            "recall": 0.9733743814101825,
            "f1-score": 0.9735762781179861,
            "support": 2318.0
        },
        "weighted avg": {
            "precision": 0.9735884395082766,
            "recall": 0.9732528041415013,
            "f1-score": 0.9733402051570772,
            "support": 2318.0
        }
    },
    "best_model": {
        "0": {
            "precision": 0.9490131578947368,
            "recall": 0.966499162479062,
            "f1-score": 0.9576763485477179,
            "support": 597.0
        },
        "1": {
            "precision": 0.9623287671232876,
            "recall": 0.9790940766550522,
            "f1-score": 0.9706390328151986,
            "support": 574.0
        },
        "2": {
            "precision": 0.9962616822429906,
            "recall": 0.9761904761904762,
            "f1-score": 0.9861239592969473,
            "support": 546.0
        },
        "3": {
            "precision": 0.988155668358714,
            "recall": 0.9717138103161398,
            "f1-score": 0.9798657718120806,
            "support": 601.0
        },
        "accuracy": 0.9732528041415013,
        "macro avg": {
            "precision": 0.9739398189049323,
            "recall": 0.9733743814101825,
            "f1-score": 0.9735762781179861,
            "support": 2318.0
        },
        "weighted avg": {
            "precision": 0.9735884395082766,
            "recall": 0.9732528041415013,
            "f1-score": 0.9733402051570772,
            "support": 2318.0
        }
    }
}