{
    "base_model": {
        "0": {
            "precision": 0.9356435643564357,
            "recall": 0.949748743718593,
            "f1-score": 0.942643391521197,
            "support": 597.0
        },
        "1": {
            "precision": 0.9331046312178388,
            "recall": 0.9477351916376306,
            "f1-score": 0.9403630077787382,
            "support": 574.0
        },
        "2": {
            "precision": 0.981651376146789,
            "recall": 0.9798534798534798,
            "f1-score": 0.9807516040329972,
            "support": 546.0
        },
        "3": {
            "precision": 0.9777397260273972,
            "recall": 0.9500831946755408,
            "f1-score": 0.9637130801687763,
            "support": 601.0
        },
        "accuracy": 0.956427955133736,
        "macro avg": {
            "precision": 0.9570348244371152,
            "recall": 0.956855152471311,
            "f1-score": 0.9568677708754272,
            "support": 2318.0
        },
        "weighted avg": {
            "precision": 0.9567663904048507,
            "recall": 0.956427955133736,
            "f1-score": 0.9565178637560835,
            "support": 2318.0
        }
    },
    "best_model": {
        "0": {
            "precision": 0.947986577181208,
            "recall": 0.9463986599664992,
            "f1-score": 0.9471919530595139,
            "support": 597.0
        },
        "1": {
            "precision": 0.9283276450511946,
            "recall": 0.9477351916376306,
            "f1-score": 0.9379310344827586,
            "support": 574.0
        },
        "2": {
            "precision": 0.9762773722627737,
            "recall": 0.9798534798534798,
            "f1-score": 0.9780621572212066,
            "support": 546.0
        },
        "3": {
            "precision": 0.9727891156462585,
            "recall": 0.9517470881863561,
            "f1-score": 0.9621530698065601,
            "support": 601.0
        },
        "accuracy": 0.9559965487489215,
        "macro avg": {
            "precision": 0.9563451775353586,
            "recall": 0.9564336049109915,
            "f1-score": 0.9563345536425099,
            "support": 2318.0
        },
        "weighted avg": {
            "precision": 0.9562130106106311,
            "recall": 0.9559965487489215,
            "f1-score": 0.9560491555505413,
            "support": 2318.0
        }
    }
}